{"cameraMode":{"drawMode":0,"name":"Shaded","section":"Shading Mode"},"sceneLighting":false,"audioPlay":false,"sceneViewState":{"showFog":true,"showMaterialUpdate":false,"showSkybox":true,"showFlares":true,"showImageEffects":true,"showParticleSystems":true},"in2DMode":false,"pivot":{"x":-7.90706205368042,"y":-0.05042850971221924,"z":0.027184486389160157},"rotation":{"x":0.06746078282594681,"y":0.9294525980949402,"z":-0.2142060548067093,"w":0.2927161753177643},"size":4.724262714385986,"orthographic":false}